[
    {
        "train_id": "bacs",
        "train_no": 12345,
        "seats": [
            [0,0,0,0,0,0],
            [0,0,0,0,0,0],
            [0,0,0,0,0,0],
            [0,0,0,0,0,0]
        ],
        "station_times": {
            "bangalore": "13:50:00",
            "jaipur": "13:50:00",
            "delhi": "13:50:00"
        },
        "stations": [
            "bangalore",
            "jaipur",
            "delhi"
        ]
    },
    {
        "train_id": "bacs",
        "train_no": 12345,
        "seats": [
            [0,0,0,0,0,0],
            [0,0,0,0,0,0],
            [0,0,0,0,0,0],
            [0,0,0,0,0,0]
        ],
        "station_times": {
            "bangalore": "13:50:00",
            "jaipur": "13:50:00",
            "delhi": "13:50:00"
        },
        "stations": [
            "bangalore",
            "jaipur",
            "delhi"
        ]
    }
]